stock_name,sharpe_ratio,volatility,benchmark_sharpe,benchmark_volatility
AAPL,0.8120698166569532,0.23165688775143392,0.9658479424263339,0.1249388210855664
